string,case,gender,number,value,order,num_class,scale
нуль,nominative,,singular,0,,quantitative,FALSE
нулі,nominative,,plural,0,,quantitative,FALSE
нуля,genetive,,singular,0,,quantitative,FALSE
нулів,genetive,,plural,0,,quantitative,FALSE
нулю нулеві,dative,,singular,0,,quantitative,FALSE
нулям,dative,,plural,0,,quantitative,0
нуль,accusative,,singular,0,,quantitative,0
нулі,accusative,,plural,0,,quantitative,0
нулем,instrumental,,singular,0,,quantitative,0
нулями,instrumental,,plural,0,,quantitative,0
нулі нулю,prepositional,,singular,0,,quantitative,0
нулях,prepositional,,plural,0,,quantitative,0
нульовий,nominative,masculine,singular,0,,ordinal,0
нульова,nominative,feminine,singular,0,,ordinal,0
нульове,nominative,neuter,singular,0,,ordinal,0
нульові,nominative,,plural,0,,ordinal,0
нульового,genetive,masculine,singular,0,,ordinal,0
нульової,genetive,feminine,singular,0,,ordinal,0
нульового,genetive,neuter,singular,0,,ordinal,0
нульових,genetive,,plural,0,,ordinal,0
нульовому,dative,masculine,singular,0,,ordinal,0
нульовій,dative,feminine,singular,0,,ordinal,
нульовому,dative,neuter,singular,0,,ordinal,
нульовим,dative,,plural,0,,ordinal,
нульовий нульового,accusative,masculine,singular,0,,ordinal,
нульову,accusative,feminine,singular,0,,ordinal,
нульове,accusative,neuter,singular,0,,ordinal,
нульові нульових,accusative,,plural,0,,ordinal,
нульовим,instrumental,masculine,singular,0,,ordinal,
нульовою,instrumental,feminine,singular,0,,ordinal,
нульовим,instrumental,neuter,singular,0,,ordinal,
нульовими,instrumental,,plural,0,,ordinal,
нульовому нульовім,prepositional,masculine,singular,0,,ordinal,
нульовій,prepositional,feminine,singular,0,,ordinal,
нульовому нульовім,prepositional,neuter,singular,0,,ordinal,
нульових,prepositional,,plural,0,,ordinal,
один,nominative,masculine,singular,1,0,quantitative,
одна,nominative,feminine,singular,1,0,quantitative,
одне одно,nominative,neuter,singular,1,0,quantitative,
одні,nominative,,plural,1,0,quantitative,
одного,genetive,masculine,singular,1,0,quantitative,
однієї одної,genetive,feminine,singular,1,0,quantitative,
одного,genetive,neuter,singular,1,0,quantitative,
одних,genetive,,plural,1,0,quantitative,
одному,dative,masculine,singular,1,0,quantitative,
одній,dative,feminine,singular,1,0,quantitative,
одному,dative,neuter,singular,1,0,quantitative,
одним,dative,,plural,1,0,quantitative,
один одного,accusative,masculine,singular,1,0,quantitative,
одну,accusative,feminine,singular,1,0,quantitative,
одне,accusative,neuter,singular,1,0,quantitative,
одні одних,accusative,,plural,1,0,quantitative,
одним,instrumental,masculine,singular,1,0,quantitative,
однією одною,instrumental,feminine,singular,1,0,quantitative,
одним,instrumental,neuter,singular,1,0,quantitative,
одними,instrumental,,plural,1,0,quantitative,
одному однім,prepositional,masculine,singular,1,0,quantitative,
одній,prepositional,feminine,singular,1,0,quantitative,
одному однім,prepositional,neuter,singular,1,0,quantitative,
одних,prepositional,,plural,1,0,quantitative,
перший,nominative,masculine,singular,1,0,ordinal,
перша,nominative,feminine,singular,1,0,ordinal,
перше,nominative,neuter,singular,1,0,ordinal,
перші,nominative,,plural,1,0,ordinal,
першого,genetive,masculine,singular,1,0,ordinal,
першої,genetive,feminine,singular,1,0,ordinal,
першого,genetive,neuter,singular,1,0,ordinal,
перших,genetive,,plural,1,0,ordinal,
першому,dative,masculine,singular,1,0,ordinal,
першій,dative,feminine,singular,1,0,ordinal,
першому,dative,neuter,singular,1,0,ordinal,
першим,dative,,plural,1,0,ordinal,
перший першого,accusative,masculine,singular,1,0,ordinal,
першу,accusative,feminine,singular,1,0,ordinal,
перше,accusative,neuter,singular,1,0,ordinal,
перші перших,accusative,,plural,1,0,ordinal,
першим,instrumental,masculine,singular,1,0,ordinal,
першою,instrumental,feminine,singular,1,0,ordinal,
першим,instrumental,neuter,singular,1,0,ordinal,
першими,instrumental,,plural,1,0,ordinal,
першому першім,prepositional,masculine,singular,1,0,ordinal,
першій,prepositional,feminine,singular,1,0,ordinal,
першому першім,prepositional,neuter,singular,1,0,ordinal,
перших,prepositional,,plural,1,0,ordinal,
два,nominative,masculine,plural,2,0,quantitative,
двоє,nominative,,plural,2,0,collective,
дві,nominative,feminine,plural,2,0,quantitative,
два,nominative,neuter,plural,2,0,quantitative,
двох,genetive,,plural,2,0,quantitative,
двом,dative,,plural,2,0,quantitative,
два двох,accusative,,plural,2,0,quantitative,
два двох,accusative,masculine,plural,2,0,quantitative,
дві двох,accusative,feminine,plural,2,0,quantitative,
два двох,accusative,neuter,plural,2,0,quantitative,
двома,instrumental,,plural,2,0,quantitative,
двох,prepositional,,plural,2,0,quantitative,
другий,nominative,masculine,singular,2,0,ordinal,
друга,nominative,feminine,singular,2,0,ordinal,
друге,nominative,neuter,singular,2,0,ordinal,
другі,nominative,,plural,2,0,ordinal,
другого,genetive,masculine,singular,2,0,ordinal,
другої,genetive,feminine,singular,2,0,ordinal,
другого,genetive,neuter,singular,2,0,ordinal,
других,genetive,,plural,2,0,ordinal,
другому,dative,masculine,singular,2,0,ordinal,
другій,dative,feminine,singular,2,0,ordinal,
другому,dative,neuter,singular,2,0,ordinal,
другим,dative,,plural,2,0,ordinal,
другий другого,accusative,masculine,singular,2,0,ordinal,
другу,accusative,feminine,singular,2,0,ordinal,
друге,accusative,neuter,singular,2,0,ordinal,
другі других,accusative,,plural,2,0,ordinal,
другим,instrumental,masculine,singular,2,0,ordinal,
другою,instrumental,feminine,singular,2,0,ordinal,
другим,instrumental,neuter,singular,2,0,ordinal,
другими,instrumental,,plural,2,0,ordinal,
другому другім,prepositional,masculine,singular,2,0,ordinal,
другій,prepositional,feminine,singular,2,0,ordinal,
другому другім,prepositional,neuter,singular,2,0,ordinal,
других,prepositional,,plural,2,0,ordinal,
двох,genetive,masculine,,2,0,quantitative,
двох,genetive,feminine,,2,0,quantitative,
двом,dative,masculine,,2,0,quantitative,
двом,dative,feminine,,2,0,quantitative,
двома,instrumental,masculine,,2,0,quantitative,
двома,instrumental,feminine,,2,0,quantitative,
двох,prepositional,masculine,,2,0,quantitative,
двох,prepositional,feminine,,2,0,quantitative,
двох,genetive,neuter,,2,0,quantitative,
двом,dative,neuter,,2,0,quantitative,
двома,instrumental,neuter,,2,0,quantitative,
двох,prepositional,neuter,,2,0,quantitative,
три,nominative,,plural,3,0,quantitative,
троє,nominative,,plural,3,0,collective,
трьох,genetive,,plural,3,0,quantitative,
трьом,dative,,plural,3,0,quantitative,
три трьох,accusative,,plural,3,0,quantitative,
троє трьох,accusative,,plural,3,0,collective,
трьома,instrumental,,plural,3,0,quantitative,
трьох,prepositional,,plural,3,0,quantitative,
третій,nominative,masculine,singular,3,0,ordinal,
третя,nominative,feminine,singular,3,0,ordinal,
третє,nominative,neuter,singular,3,0,ordinal,
треті,nominative,,plural,3,0,ordinal,
третього,genetive,masculine,singular,3,0,ordinal,
третьої,genetive,feminine,singular,3,0,ordinal,
третього,genetive,neuter,singular,3,0,ordinal,
третіх,genetive,,plural,3,0,ordinal,
третьому,dative,masculine,singular,3,0,ordinal,
третій,dative,feminine,singular,3,0,ordinal,
третьому,dative,neuter,singular,3,0,ordinal,
третім,dative,,plural,3,0,ordinal,
третій третього,accusative,masculine,singular,3,0,ordinal,
третю,accusative,feminine,singular,3,0,ordinal,
третє,accusative,neuter,singular,3,0,ordinal,
треті третіх,accusative,,plural,3,0,ordinal,
третім,instrumental,masculine,singular,3,0,ordinal,
третьою,instrumental,feminine,singular,3,0,ordinal,
третім,instrumental,neuter,singular,3,0,ordinal,
третіми,instrumental,,plural,3,0,ordinal,
третьому третім,prepositional,masculine,singular,3,0,ordinal,
третій,prepositional,feminine,singular,3,0,ordinal,
третьому третім,prepositional,neuter,singular,3,0,ordinal,
третіх,prepositional,,plural,3,0,ordinal,
чотири,nominative,,plural,4,0,quantitative,
четверо,nominative,,plural,4,0,collective,
чотирьох,genetive,,plural,4,0,quantitative,
чотирьом,dative,,plural,4,0,quantitative,
чотири чотирьох,accusative,,plural,4,0,quantitative,
чотирма,instrumental,,plural,4,0,quantitative,
чотирьох,prepositional,,plural,4,0,quantitative,
четвертий,nominative,masculine,singular,4,0,ordinal,
четверта,nominative,feminine,singular,4,0,ordinal,
четверте,nominative,neuter,singular,4,0,ordinal,
четверті,nominative,,plural,4,0,ordinal,
четвертого,genetive,masculine,singular,4,0,ordinal,
четвертої,genetive,feminine,singular,4,0,ordinal,
четвертого,genetive,neuter,singular,4,0,ordinal,
четвертих,genetive,,plural,4,0,ordinal,
четвертому,dative,masculine,singular,4,0,ordinal,
четвертій,dative,feminine,singular,4,0,ordinal,
четвертому,dative,neuter,singular,4,0,ordinal,
четвертим,dative,,plural,4,0,ordinal,
четвертий четвертого,accusative,masculine,singular,4,0,ordinal,
четверту,accusative,feminine,singular,4,0,ordinal,
четверте,accusative,neuter,singular,4,0,ordinal,
четверті четвертих,accusative,,plural,4,0,ordinal,
четвертим,instrumental,masculine,singular,4,0,ordinal,
четвертою,instrumental,feminine,singular,4,0,ordinal,
четвертим,instrumental,neuter,singular,4,0,ordinal,
четвертими,instrumental,,plural,4,0,ordinal,
четвертому четвертім,prepositional,masculine,singular,4,0,ordinal,
четвертій,prepositional,feminine,singular,4,0,ordinal,
четвертому четвертім,prepositional,neuter,singular,4,0,ordinal,
четвертих,prepositional,,plural,4,0,ordinal,
п’ять,nominative,,plural,5,0,quantitative,
п’ятеро,nominative,,plural,5,0,collective,
п’яти п’ятьох,genetive,,plural,5,0,quantitative,
п’яти п’ятьом,dative,,plural,5,0,quantitative,
п’ять п’ятьох,accusative,,plural,5,0,quantitative,
п’ятьма п’ятьома,instrumental,,plural,5,0,quantitative,
п’яти п’ятьох,prepositional,,plural,5,0,quantitative,
п’ятий,nominative,masculine,singular,5,0,ordinal,
п’ята,nominative,feminine,singular,5,0,ordinal,
п’яте,nominative,neuter,singular,5,0,ordinal,
п’яті,nominative,,plural,5,0,ordinal,
п’ятого,genetive,masculine,singular,5,0,ordinal,
п’ятої,genetive,feminine,singular,5,0,ordinal,
п’ятого,genetive,neuter,singular,5,0,ordinal,
п’ятих,genetive,,plural,5,0,ordinal,
п’ятому,dative,masculine,singular,5,0,ordinal,
п’ятій,dative,feminine,singular,5,0,ordinal,
п’ятому,dative,neuter,singular,5,0,ordinal,
п’ятим,dative,,plural,5,0,ordinal,
п’ятий п’ятого,accusative,masculine,singular,5,0,ordinal,
п’яту,accusative,feminine,singular,5,0,ordinal,
п’яте,accusative,neuter,singular,5,0,ordinal,
п’яті п’ятих,accusative,,plural,5,0,ordinal,
п’ятим,instrumental,masculine,singular,5,0,ordinal,
п’ятою,instrumental,feminine,singular,5,0,ordinal,
п’ятим,instrumental,neuter,singular,5,0,ordinal,
п’ятими,instrumental,,plural,5,0,ordinal,
п’ятому п’ятім,prepositional,masculine,singular,5,0,ordinal,
п’ятій,prepositional,feminine,singular,5,0,ordinal,
п’ятому п’ятім,prepositional,neuter,singular,5,0,ordinal,
п’ятих,prepositional,,plural,5,0,ordinal,
шість,nominative,,plural,6,0,quantitative,
шестеро,nominative,,plural,6,0,collective,
шести шістьох,genetive,,plural,6,0,quantitative,
шести шістьом,dative,,plural,6,0,quantitative,
шість шістьох,accusative,,plural,6,0,quantitative,
шістьма шістьома,instrumental,,plural,6,0,quantitative,
шести шістьох,prepositional,,plural,6,0,quantitative,
шостий,nominative,masculine,singular,6,0,ordinal,
шоста,nominative,feminine,singular,6,0,ordinal,
шосте,nominative,neuter,singular,6,0,ordinal,
шості,nominative,,plural,6,0,ordinal,
шостого,genetive,masculine,singular,6,0,ordinal,
шостої,genetive,feminine,singular,6,0,ordinal,
шостого,genetive,neuter,singular,6,0,ordinal,
шостих,genetive,,plural,6,0,ordinal,
шостому,dative,masculine,singular,6,0,ordinal,
шостій,dative,feminine,singular,6,0,ordinal,
шостому,dative,neuter,singular,6,0,ordinal,
шостим,dative,,plural,6,0,ordinal,
шостий шостого,accusative,masculine,singular,6,0,ordinal,
шосту,accusative,feminine,singular,6,0,ordinal,
шосте,accusative,neuter,singular,6,0,ordinal,
шості шостих,accusative,,plural,6,0,ordinal,
шостим,instrumental,masculine,singular,6,0,ordinal,
шостою,instrumental,feminine,singular,6,0,ordinal,
шостим,instrumental,neuter,singular,6,0,ordinal,
шостими,instrumental,,plural,6,0,ordinal,
шостому шостім,prepositional,masculine,singular,6,0,ordinal,
шостій,prepositional,feminine,singular,6,0,ordinal,
шостому шостім,prepositional,neuter,singular,6,0,ordinal,
шостих,prepositional,,plural,6,0,ordinal,
сім,nominative,,plural,7,0,quantitative,
семеро,nominative,,plural,7,0,collective,
семи сімох,genetive,,plural,7,0,quantitative,
семи сімом,dative,,plural,7,0,quantitative,
сім сімох,accusative,,plural,7,0,quantitative,
сімома сьома,instrumental,,plural,7,0,quantitative,
семи сімох,prepositional,,plural,7,0,quantitative,
сьомий,nominative,masculine,singular,7,0,ordinal,
сьома,nominative,feminine,singular,7,0,ordinal,
сьоме,nominative,neuter,singular,7,0,ordinal,
сьомі,nominative,,plural,7,0,ordinal,
сьомого,genetive,masculine,singular,7,0,ordinal,
сьомої,genetive,feminine,singular,7,0,ordinal,
сьомого,genetive,neuter,singular,7,0,ordinal,
сьомих,genetive,,plural,7,0,ordinal,
сьомому,dative,masculine,singular,7,0,ordinal,
сьомій,dative,feminine,singular,7,0,ordinal,
сьомому,dative,neuter,singular,7,0,ordinal,
сьомим,dative,,plural,7,0,ordinal,
сьомий сьомого,accusative,masculine,singular,7,0,ordinal,
сьому,accusative,feminine,singular,7,0,ordinal,
сьоме,accusative,neuter,singular,7,0,ordinal,
сьомі сьомих,accusative,,plural,7,0,ordinal,
сьомим,instrumental,masculine,singular,7,0,ordinal,
сьомою,instrumental,feminine,singular,7,0,ordinal,
сьомим,instrumental,neuter,singular,7,0,ordinal,
сьомими,instrumental,,plural,7,0,ordinal,
сьомому сьомім,prepositional,masculine,singular,7,0,ordinal,
сьомій,prepositional,feminine,singular,7,0,ordinal,
сьомому сьомім,prepositional,neuter,singular,7,0,ordinal,
сьомих,prepositional,,plural,7,0,ordinal,
вісім,nominative,,plural,8,0,quantitative,
восьмеро,nominative,,plural,8,0,collective,
восьми вісьмох,genetive,,plural,8,0,quantitative,
восьми вісьмом,dative,,plural,8,0,quantitative,
вісім вісьмох,accusative,,plural,8,0,quantitative,
вісьма вісьмома,instrumental,,plural,8,0,quantitative,
восьми вісьмох,prepositional,,plural,8,0,quantitative,
восьмий,nominative,masculine,singular,8,0,ordinal,
восьма,nominative,feminine,singular,8,0,ordinal,
восьме,nominative,neuter,singular,8,0,ordinal,
восьмі,nominative,,plural,8,0,ordinal,
восьмого,genetive,masculine,singular,8,0,ordinal,
восьмої,genetive,feminine,singular,8,0,ordinal,
восьмого,genetive,neuter,singular,8,0,ordinal,
восьмих,genetive,,plural,8,0,ordinal,
восьмому,dative,masculine,singular,8,0,ordinal,
восьмій,dative,feminine,singular,8,0,ordinal,
восьмому,dative,neuter,singular,8,0,ordinal,
восьмим,dative,,plural,8,0,ordinal,
восьмий восьмого,accusative,masculine,singular,8,0,ordinal,
восьму,accusative,feminine,singular,8,0,ordinal,
восьме,accusative,neuter,singular,8,0,ordinal,
восьмі восьмих,accusative,,plural,8,0,ordinal,
восьмим,instrumental,masculine,singular,8,0,ordinal,
восьмою,instrumental,feminine,singular,8,0,ordinal,
восьмим,instrumental,neuter,singular,8,0,ordinal,
восьмими,instrumental,,plural,8,0,ordinal,
восьмому восьмім,prepositional,masculine,singular,8,0,ordinal,
восьмій,prepositional,feminine,singular,8,0,ordinal,
восьмому восьмім,prepositional,neuter,singular,8,0,ordinal,
восьмих,prepositional,,plural,8,0,ordinal,
дев’ять,nominative,,plural,9,0,quantitative,
дев’ятеро,nominative,,plural,9,0,collective,
дев’яти дев’ятьох,genetive,,plural,9,0,quantitative,
дев’яти дев’ятьом,dative,,plural,9,0,quantitative,
дев’ять дев’ятьох,accusative,,plural,9,0,quantitative,
дев’ятьма дев’ятьома,instrumental,,plural,9,0,quantitative,
дев’яти дев’ятьох,prepositional,,plural,9,0,quantitative,
дев’ятий,nominative,masculine,singular,9,0,ordinal,
дев’ята,nominative,feminine,singular,9,0,ordinal,
дев’яте,nominative,neuter,singular,9,0,ordinal,
дев’яті,nominative,,plural,9,0,ordinal,
дев’ятого,genetive,masculine,singular,9,0,ordinal,
дев’ятої,genetive,feminine,singular,9,0,ordinal,
дев’ятого,genetive,neuter,singular,9,0,ordinal,
дев’ятих,genetive,,plural,9,0,ordinal,
дев’ятому,dative,masculine,singular,9,0,ordinal,
дев’ятій,dative,feminine,singular,9,0,ordinal,
дев’ятому,dative,neuter,singular,9,0,ordinal,
дев’ятим,dative,,plural,9,0,ordinal,
дев’ятий дев’ятого,accusative,masculine,singular,9,0,ordinal,
дев’яту,accusative,feminine,singular,9,0,ordinal,
дев’яте,accusative,neuter,singular,9,0,ordinal,
дев’яті дев’ятих,accusative,,plural,9,0,ordinal,
дев’ятим,instrumental,masculine,singular,9,0,ordinal,
дев’ятою,instrumental,feminine,singular,9,0,ordinal,
дев’ятим,instrumental,neuter,singular,9,0,ordinal,
дев’ятими,instrumental,,plural,9,0,ordinal,
дев’ятому дев’ятім,prepositional,masculine,singular,9,0,ordinal,
дев’ятій,prepositional,feminine,singular,9,0,ordinal,
дев’ятому дев’ятім,prepositional,neuter,singular,9,0,ordinal,
дев’ятих,prepositional,,plural,9,0,ordinal,
десять,nominative,,plural,10,1,quantitative,
десятеро,nominative,,plural,10,1,collective,
десяти десятьох,genetive,,plural,10,1,quantitative,
десяти десятьом,dative,,plural,10,1,quantitative,
десять десятьох,accusative,,plural,10,1,quantitative,
десятьма десятьома,instrumental,,plural,10,1,quantitative,
десяти десятьох,prepositional,,plural,10,1,quantitative,
десятий,nominative,masculine,singular,10,1,ordinal,
десята,nominative,feminine,singular,10,1,ordinal,
десяте,nominative,neuter,singular,10,1,ordinal,
десяті,nominative,,plural,10,1,ordinal,
десятого,genetive,masculine,singular,10,1,ordinal,
десятої,genetive,feminine,singular,10,1,ordinal,
десятого,genetive,neuter,singular,10,1,ordinal,
десятих,genetive,,plural,10,1,ordinal,
десятому,dative,masculine,singular,10,1,ordinal,
десятій,dative,feminine,singular,10,1,ordinal,
десятому,dative,neuter,singular,10,1,ordinal,
десятим,dative,,plural,10,1,ordinal,
десятий десятого,accusative,masculine,singular,10,1,ordinal,
десяту,accusative,feminine,singular,10,1,ordinal,
десяте,accusative,neuter,singular,10,1,ordinal,
десяті десятих,accusative,,plural,10,1,ordinal,
десятим,instrumental,masculine,singular,10,1,ordinal,
десятою,instrumental,feminine,singular,10,1,ordinal,
десятим,instrumental,neuter,singular,10,1,ordinal,
десятими,instrumental,,plural,10,1,ordinal,
десятому десятім,prepositional,masculine,singular,10,1,ordinal,
десятій,prepositional,feminine,singular,10,1,ordinal,
десятому десятім,prepositional,neuter,singular,10,1,ordinal,
десятих,prepositional,,plural,10,1,ordinal,
десяток,nominative,,singular,10,1,collective,TRUE
десятки,nominative,,plural,10,1,collective,TRUE
десятка,genetive,,singular,10,1,collective,TRUE
десятків,genetive,,plural,10,1,collective,TRUE
десяткові десятку,dative,,singular,10,1,collective,TRUE
десяткам,dative,,plural,10,1,collective,TRUE
десяток,accusative,,singular,10,1,collective,TRUE
десятки,accusative,,plural,10,1,collective,TRUE
десятком,instrumental,,singular,10,1,collective,TRUE
десятками,instrumental,,plural,10,1,collective,TRUE
десятку,prepositional,,singular,10,1,collective,TRUE
десятках,prepositional,,plural,10,1,collective,TRUE
одинадцять,nominative,,plural,11,1,quantitative,
одинадцятеро,nominative,,plural,11,1,collective,
одинадцяти одинадцятьох,genetive,,plural,11,1,quantitative,
одинадцяти одинадцятьом,dative,,plural,11,1,quantitative,
одинадцять одинадцятьох,accusative,,plural,11,1,quantitative,
одинадцятьма одинадцятьома,instrumental,,plural,11,1,quantitative,
одинадцяти одинадцятьох,prepositional,,plural,11,1,quantitative,
одинадцятий,nominative,masculine,singular,11,1,ordinal,
одинадцята,nominative,feminine,singular,11,1,ordinal,
одинадцяте,nominative,neuter,singular,11,1,ordinal,
одинадцяті,nominative,,plural,11,1,ordinal,
одинадцятого,genetive,masculine,singular,11,1,ordinal,
одинадцятої,genetive,feminine,singular,11,1,ordinal,
одинадцятого,genetive,neuter,singular,11,1,ordinal,
одинадцятих,genetive,,plural,11,1,ordinal,
одинадцятому,dative,masculine,singular,11,1,ordinal,
одинадцятій,dative,feminine,singular,11,1,ordinal,
одинадцятому,dative,neuter,singular,11,1,ordinal,
одинадцятим,dative,,plural,11,1,ordinal,
одинадцятий одинадцятого,accusative,masculine,singular,11,1,ordinal,
одинадцяту,accusative,feminine,singular,11,1,ordinal,
одинадцяте,accusative,neuter,singular,11,1,ordinal,
одинадцяті одинадцятих,accusative,,plural,11,1,ordinal,
одинадцятим,instrumental,masculine,singular,11,1,ordinal,
одинадцятою,instrumental,feminine,singular,11,1,ordinal,
одинадцятим,instrumental,neuter,singular,11,1,ordinal,
одинадцятими,instrumental,,plural,11,1,ordinal,
одинадцятому одинадцятім,prepositional,masculine,singular,11,1,ordinal,
одинадцятій,prepositional,feminine,singular,11,1,ordinal,
одинадцятому одинадцятім,prepositional,neuter,singular,11,1,ordinal,
одинадцятих,prepositional,,plural,11,1,ordinal,
дванадцять,nominative,,plural,12,1,quantitative,
дванадцятеро,nominative,,plural,12,1,collective,
дванадцяти дванадцятьох,genetive,,plural,12,1,quantitative,
дванадцяти дванадцятьом,dative,,plural,12,1,quantitative,
дванадцять дванадцятьох,accusative,,plural,12,1,quantitative,
дванадцятьма дванадцятьома,instrumental,,plural,12,1,quantitative,
дванадцяти дванадцятьох,prepositional,,plural,12,1,quantitative,
дванадцятий,nominative,masculine,singular,12,1,ordinal,
дванадцята,nominative,feminine,singular,12,1,ordinal,
дванадцяте,nominative,neuter,singular,12,1,ordinal,
дванадцяті,nominative,,plural,12,1,ordinal,
дванадцятого,genetive,masculine,singular,12,1,ordinal,
дванадцятої,genetive,feminine,singular,12,1,ordinal,
дванадцятого,genetive,neuter,singular,12,1,ordinal,
дванадцятих,genetive,,plural,12,1,ordinal,
дванадцятому,dative,masculine,singular,12,1,ordinal,
дванадцятій,dative,feminine,singular,12,1,ordinal,
дванадцятому,dative,neuter,singular,12,1,ordinal,
дванадцятим,dative,,plural,12,1,ordinal,
дванадцятий дванадцятого,accusative,masculine,singular,12,1,ordinal,
дванадцяту,accusative,feminine,singular,12,1,ordinal,
дванадцяте,accusative,neuter,singular,12,1,ordinal,
дванадцяті дванадцятих,accusative,,plural,12,1,ordinal,
дванадцятим,instrumental,masculine,singular,12,1,ordinal,
дванадцятою,instrumental,feminine,singular,12,1,ordinal,
дванадцятим,instrumental,neuter,singular,12,1,ordinal,
дванадцятими,instrumental,,plural,12,1,ordinal,
дванадцятому дванадцятім,prepositional,masculine,singular,12,1,ordinal,
дванадцятій,prepositional,feminine,singular,12,1,ordinal,
дванадцятому дванадцятім,prepositional,neuter,singular,12,1,ordinal,
дванадцятих,prepositional,,plural,12,1,ordinal,
тринадцять,nominative,,plural,13,1,quantitative,
тринадцятеро,nominative,,plural,13,1,collective,
тринадцяти тринадцятьох,genetive,,plural,13,1,quantitative,
тринадцяти тринадцятьом,dative,,plural,13,1,quantitative,
тринадцять тринадцятьох,accusative,,plural,13,1,quantitative,
тринадцятьма тринадцятьома,instrumental,,plural,13,1,quantitative,
тринадцяти тринадцятьох,prepositional,,plural,13,1,quantitative,
тринадцятий,nominative,masculine,singular,13,1,ordinal,
тринадцята,nominative,feminine,singular,13,1,ordinal,
тринадцяте,nominative,neuter,singular,13,1,ordinal,
тринадцяті,nominative,,plural,13,1,ordinal,
тринадцятого,genetive,masculine,singular,13,1,ordinal,
тринадцятої,genetive,feminine,singular,13,1,ordinal,
тринадцятого,genetive,neuter,singular,13,1,ordinal,
тринадцятих,genetive,,plural,13,1,ordinal,
тринадцятому,dative,masculine,singular,13,1,ordinal,
тринадцятій,dative,feminine,singular,13,1,ordinal,
тринадцятому,dative,neuter,singular,13,1,ordinal,
тринадцятим,dative,,plural,13,1,ordinal,
тринадцятий тринадцятого,accusative,masculine,singular,13,1,ordinal,
тринадцяту,accusative,feminine,singular,13,1,ordinal,
тринадцяте,accusative,neuter,singular,13,1,ordinal,
тринадцяті тринадцятих,accusative,,plural,13,1,ordinal,
тринадцятим,instrumental,masculine,singular,13,1,ordinal,
тринадцятою,instrumental,feminine,singular,13,1,ordinal,
тринадцятим,instrumental,neuter,singular,13,1,ordinal,
тринадцятими,instrumental,,plural,13,1,ordinal,
тринадцятому тринадцятім,prepositional,masculine,singular,13,1,ordinal,
тринадцятій,prepositional,feminine,singular,13,1,ordinal,
тринадцятому тринадцятім,prepositional,neuter,singular,13,1,ordinal,
тринадцятих,prepositional,,plural,13,1,ordinal,
чотирнадцять,nominative,,plural,14,1,quantitative,
чотирнадцятеро,nominative,,plural,14,1,collective,
чотирнадцяти чотирнадцятьох,genetive,,plural,14,1,quantitative,
чотирнадцяти чотирнадцятьом,dative,,plural,14,1,quantitative,
чотирнадцять чотирнадцятьох,accusative,,plural,14,1,quantitative,
чотирнадцятьма чотирнадцятьома,instrumental,,plural,14,1,quantitative,
чотирнадцяти чотирнадцятьох,prepositional,,plural,14,1,quantitative,
чотирнадцятий,nominative,masculine,singular,14,1,ordinal,
чотирнадцята,nominative,feminine,singular,14,1,ordinal,
чотирнадцяте,nominative,neuter,singular,14,1,ordinal,
чотирнадцяті,nominative,,plural,14,1,ordinal,
чотирнадцятого,genetive,masculine,singular,14,1,ordinal,
чотирнадцятої,genetive,feminine,singular,14,1,ordinal,
чотирнадцятого,genetive,neuter,singular,14,1,ordinal,
чотирнадцятих,genetive,,plural,14,1,ordinal,
чотирнадцятому,dative,masculine,singular,14,1,ordinal,
чотирнадцятій,dative,feminine,singular,14,1,ordinal,
чотирнадцятому,dative,neuter,singular,14,1,ordinal,
чотирнадцятим,dative,,plural,14,1,ordinal,
чотирнадцятий чотирнадцятого,accusative,masculine,singular,14,1,ordinal,
чотирнадцяту,accusative,feminine,singular,14,1,ordinal,
чотирнадцяте,accusative,neuter,singular,14,1,ordinal,
чотирнадцяті чотирнадцятих,accusative,,plural,14,1,ordinal,
чотирнадцятим,instrumental,masculine,singular,14,1,ordinal,
чотирнадцятою,instrumental,feminine,singular,14,1,ordinal,
чотирнадцятим,instrumental,neuter,singular,14,1,ordinal,
чотирнадцятими,instrumental,,plural,14,1,ordinal,
чотирнадцятому чотирнадцятім,prepositional,masculine,singular,14,1,ordinal,
чотирнадцятій,prepositional,feminine,singular,14,1,ordinal,
чотирнадцятому чотирнадцятім,prepositional,neuter,singular,14,1,ordinal,
чотирнадцятих,prepositional,,plural,14,1,ordinal,
п’ятнадцять,nominative,,plural,15,1,quantitative,
п’ятнадцятеро,nominative,,plural,15,1,collective,
п’ятнадцяти п’ятнадцятьох,genetive,,plural,15,1,quantitative,
п’ятнадцяти п’ятнадцятьом,dative,,plural,15,1,quantitative,
п’ятнадцять п’ятнадцятьох,accusative,,plural,15,1,quantitative,
п’ятнадцятьма п’ятнадцятьома,instrumental,,plural,15,1,quantitative,
п’ятнадцяти п’ятнадцятьох,prepositional,,plural,15,1,quantitative,
п’ятнадцятий,nominative,masculine,singular,15,1,ordinal,
п’ятнадцята,nominative,feminine,singular,15,1,ordinal,
п’ятнадцяте,nominative,neuter,singular,15,1,ordinal,
п’ятнадцяті,nominative,,plural,15,1,ordinal,
п’ятнадцятого,genetive,masculine,singular,15,1,ordinal,
п’ятнадцятої,genetive,feminine,singular,15,1,ordinal,
п’ятнадцятого,genetive,neuter,singular,15,1,ordinal,
п’ятнадцятих,genetive,,plural,15,1,ordinal,
п’ятнадцятому,dative,masculine,singular,15,1,ordinal,
п’ятнадцятій,dative,feminine,singular,15,1,ordinal,
п’ятнадцятому,dative,neuter,singular,15,1,ordinal,
п’ятнадцятим,dative,,plural,15,1,ordinal,
п’ятнадцятий п’ятнадцятого,accusative,masculine,singular,15,1,ordinal,
п’ятнадцяту,accusative,feminine,singular,15,1,ordinal,
п’ятнадцяте,accusative,neuter,singular,15,1,ordinal,
п’ятнадцяті п’ятнадцятих,accusative,,plural,15,1,ordinal,
п’ятнадцятим,instrumental,masculine,singular,15,1,ordinal,
п’ятнадцятою,instrumental,feminine,singular,15,1,ordinal,
п’ятнадцятим,instrumental,neuter,singular,15,1,ordinal,
п’ятнадцятими,instrumental,,plural,15,1,ordinal,
п’ятнадцятому п’ятнадцятім,prepositional,masculine,singular,15,1,ordinal,
п’ятнадцятій,prepositional,feminine,singular,15,1,ordinal,
п’ятнадцятому п’ятнадцятім,prepositional,neuter,singular,15,1,ordinal,
п’ятнадцятих,prepositional,,plural,15,1,ordinal,
шістнадцять,nominative,,plural,16,1,quantitative,
шістнадцятеро,nominative,,plural,16,1,collective,
шістнадцяти шістнадцятьох,genetive,,plural,16,1,quantitative,
шістнадцяти шістнадцятьом,dative,,plural,16,1,quantitative,
шістнадцять шістнадцятьох,accusative,,plural,16,1,quantitative,
шістнадцятьма шістнадцятьома,instrumental,,plural,16,1,quantitative,
шістнадцяти шістнадцятьох,prepositional,,plural,16,1,quantitative,
шістнадцятий,nominative,masculine,singular,16,1,ordinal,
шістнадцята,nominative,feminine,singular,16,1,ordinal,
шістнадцяте,nominative,neuter,singular,16,1,ordinal,
шістнадцяті,nominative,,plural,16,1,ordinal,
шістнадцятого,genetive,masculine,singular,16,1,ordinal,
шістнадцятої,genetive,feminine,singular,16,1,ordinal,
шістнадцятого,genetive,neuter,singular,16,1,ordinal,
шістнадцятих,genetive,,plural,16,1,ordinal,
шістнадцятому,dative,masculine,singular,16,1,ordinal,
шістнадцятій,dative,feminine,singular,16,1,ordinal,
шістнадцятому,dative,neuter,singular,16,1,ordinal,
шістнадцятим,dative,,plural,16,1,ordinal,
шістнадцятий шістнадцятого,accusative,masculine,singular,16,1,ordinal,
шістнадцяту,accusative,feminine,singular,16,1,ordinal,
шістнадцяте,accusative,neuter,singular,16,1,ordinal,
шістнадцяті шістнадцятих,accusative,,plural,16,1,ordinal,
шістнадцятим,instrumental,masculine,singular,16,1,ordinal,
шістнадцятою,instrumental,feminine,singular,16,1,ordinal,
шістнадцятим,instrumental,neuter,singular,16,1,ordinal,
шістнадцятими,instrumental,,plural,16,1,ordinal,
шістнадцятому шістнадцятім,prepositional,masculine,singular,16,1,ordinal,
шістнадцятій,prepositional,feminine,singular,16,1,ordinal,
шістнадцятому шістнадцятім,prepositional,neuter,singular,16,1,ordinal,
шістнадцятих,prepositional,,plural,16,1,ordinal,
сімнадцять,nominative,,plural,17,1,quantitative,
сімнадцятеро,nominative,,plural,17,1,collective,
сімнадцяти сімнадцятьох,genetive,,plural,17,1,quantitative,
сімнадцяти сімнадцятьом,dative,,plural,17,1,quantitative,
сімнадцять сімнадцятьох,accusative,,plural,17,1,quantitative,
сімнадцятьма сімнадцятьома,instrumental,,plural,17,1,quantitative,
сімнадцяти сімнадцятьох,prepositional,,plural,17,1,quantitative,
сімнадцятий,nominative,masculine,singular,17,1,ordinal,
сімнадцята,nominative,feminine,singular,17,1,ordinal,
сімнадцяте,nominative,neuter,singular,17,1,ordinal,
сімнадцяті,nominative,,plural,17,1,ordinal,
сімнадцятого,genetive,masculine,singular,17,1,ordinal,
сімнадцятої,genetive,feminine,singular,17,1,ordinal,
сімнадцятого,genetive,neuter,singular,17,1,ordinal,
сімнадцятих,genetive,,plural,17,1,ordinal,
сімнадцятому,dative,masculine,singular,17,1,ordinal,
сімнадцятій,dative,feminine,singular,17,1,ordinal,
сімнадцятому,dative,neuter,singular,17,1,ordinal,
сімнадцятим,dative,,plural,17,1,ordinal,
сімнадцятий сімнадцятого,accusative,masculine,singular,17,1,ordinal,
сімнадцяту,accusative,feminine,singular,17,1,ordinal,
сімнадцяте,accusative,neuter,singular,17,1,ordinal,
сімнадцяті сімнадцятих,accusative,,plural,17,1,ordinal,
сімнадцятим,instrumental,masculine,singular,17,1,ordinal,
сімнадцятою,instrumental,feminine,singular,17,1,ordinal,
сімнадцятим,instrumental,neuter,singular,17,1,ordinal,
сімнадцятими,instrumental,,plural,17,1,ordinal,
сімнадцятому сімнадцятім,prepositional,masculine,singular,17,1,ordinal,
сімнадцятій,prepositional,feminine,singular,17,1,ordinal,
сімнадцятому сімнадцятім,prepositional,neuter,singular,17,1,ordinal,
сімнадцятих,prepositional,,plural,17,1,ordinal,
вісімнадцять,nominative,,plural,18,1,quantitative,
вісімнадцятеро,nominative,,plural,18,1,collective,
вісімнадцяти вісімнадцятьох,genetive,,plural,18,1,quantitative,
вісімнадцяти вісімнадцятьом,dative,,plural,18,1,quantitative,
вісімнадцять вісімнадцятьох,accusative,,plural,18,1,quantitative,
вісімнадцятьма вісімнадцятьома,instrumental,,plural,18,1,quantitative,
вісімнадцяти вісімнадцятьох,prepositional,,plural,18,1,quantitative,
вісімнадцятий,nominative,masculine,singular,18,1,ordinal,
вісімнадцята,nominative,feminine,singular,18,1,ordinal,
вісімнадцяте,nominative,neuter,singular,18,1,ordinal,
вісімнадцяті,nominative,,plural,18,1,ordinal,
вісімнадцятого,genetive,masculine,singular,18,1,ordinal,
вісімнадцятої,genetive,feminine,singular,18,1,ordinal,
вісімнадцятого,genetive,neuter,singular,18,1,ordinal,
вісімнадцятих,genetive,,plural,18,1,ordinal,
вісімнадцятому,dative,masculine,singular,18,1,ordinal,
вісімнадцятій,dative,feminine,singular,18,1,ordinal,
вісімнадцятому,dative,neuter,singular,18,1,ordinal,
вісімнадцятим,dative,,plural,18,1,ordinal,
вісімнадцятий вісімнадцятого,accusative,masculine,singular,18,1,ordinal,
вісімнадцяту,accusative,feminine,singular,18,1,ordinal,
вісімнадцяте,accusative,neuter,singular,18,1,ordinal,
вісімнадцяті вісімнадцятих,accusative,,plural,18,1,ordinal,
вісімнадцятим,instrumental,masculine,singular,18,1,ordinal,
вісімнадцятою,instrumental,feminine,singular,18,1,ordinal,
вісімнадцятим,instrumental,neuter,singular,18,1,ordinal,
вісімнадцятими,instrumental,,plural,18,1,ordinal,
вісімнадцятому вісімнадцятім,prepositional,masculine,singular,18,1,ordinal,
вісімнадцятій,prepositional,feminine,singular,18,1,ordinal,
вісімнадцятому вісімнадцятім,prepositional,neuter,singular,18,1,ordinal,
вісімнадцятих,prepositional,,plural,18,1,ordinal,
дев’ятнадцять,nominative,,plural,19,1,quantitative,
дев’ятнадцятеро,nominative,,plural,19,1,collective,
дев’ятнадцяти дев’ятнадцятьох,genetive,,plural,19,1,quantitative,
дев’ятнадцяти дев’ятнадцятьом,dative,,plural,19,1,quantitative,
дев’ятнадцять дев’ятнадцятьох,accusative,,plural,19,1,quantitative,
дев’ятнадцятьма дев’ятнадцятьома,instrumental,,plural,19,1,quantitative,
дев’ятнадцяти дев’ятнадцятьох,prepositional,,plural,19,1,quantitative,
дев’ятнадцятий,nominative,masculine,singular,19,1,ordinal,
дев’ятнадцята,nominative,feminine,singular,19,1,ordinal,
дев’ятнадцяте,nominative,neuter,singular,19,1,ordinal,
дев’ятнадцяті,nominative,,plural,19,1,ordinal,
дев’ятнадцятого,genetive,masculine,singular,19,1,ordinal,
дев’ятнадцятої,genetive,feminine,singular,19,1,ordinal,
дев’ятнадцятого,genetive,neuter,singular,19,1,ordinal,
дев’ятнадцятих,genetive,,plural,19,1,ordinal,
дев’ятнадцятому,dative,masculine,singular,19,1,ordinal,
дев’ятнадцятій,dative,feminine,singular,19,1,ordinal,
дев’ятнадцятому,dative,neuter,singular,19,1,ordinal,
дев’ятнадцятим,dative,,plural,19,1,ordinal,
дев’ятнадцятий дев’ятнадцятого,accusative,masculine,singular,19,1,ordinal,
дев’ятнадцяту,accusative,feminine,singular,19,1,ordinal,
дев’ятнадцяте,accusative,neuter,singular,19,1,ordinal,
дев’ятнадцяті дев’ятнадцятих,accusative,,plural,19,1,ordinal,
дев’ятнадцятим,instrumental,masculine,singular,19,1,ordinal,
дев’ятнадцятою,instrumental,feminine,singular,19,1,ordinal,
дев’ятнадцятим,instrumental,neuter,singular,19,1,ordinal,
дев’ятнадцятими,instrumental,,plural,19,1,ordinal,
дев’ятнадцятому дев’ятнадцятім,prepositional,masculine,singular,19,1,ordinal,
дев’ятнадцятій,prepositional,feminine,singular,19,1,ordinal,
дев’ятнадцятому дев’ятнадцятім,prepositional,neuter,singular,19,1,ordinal,
дев’ятнадцятих,prepositional,,plural,19,1,ordinal,
двадцять,nominative,,plural,20,1,quantitative,
двадцятеро,nominative,,plural,20,1,collective,
двадцяти двадцятьох,genetive,,plural,20,1,quantitative,
двадцяти двадцятьом,dative,,plural,20,1,quantitative,
двадцять двадцятьох,accusative,,plural,20,1,quantitative,
двадцятьма двадцятьома,instrumental,,plural,20,1,quantitative,
двадцяти двадцятьох,prepositional,,plural,20,1,quantitative,
двадцятий,nominative,masculine,singular,20,1,ordinal,
двадцята,nominative,feminine,singular,20,1,ordinal,
двадцяте,nominative,neuter,singular,20,1,ordinal,
двадцяті,nominative,,plural,20,1,ordinal,
двадцятого,genetive,masculine,singular,20,1,ordinal,
двадцятої,genetive,feminine,singular,20,1,ordinal,
двадцятого,genetive,neuter,singular,20,1,ordinal,
двадцятих,genetive,,plural,20,1,ordinal,
двадцятому,dative,masculine,singular,20,1,ordinal,
двадцятій,dative,feminine,singular,20,1,ordinal,
двадцятому,dative,neuter,singular,20,1,ordinal,
двадцятим,dative,,plural,20,1,ordinal,
двадцятий двадцятого,accusative,masculine,singular,20,1,ordinal,
двадцяту,accusative,feminine,singular,20,1,ordinal,
двадцяте,accusative,neuter,singular,20,1,ordinal,
двадцяті двадцятих,accusative,,plural,20,1,ordinal,
двадцятим,instrumental,masculine,singular,20,1,ordinal,
двадцятою,instrumental,feminine,singular,20,1,ordinal,
двадцятим,instrumental,neuter,singular,20,1,ordinal,
двадцятими,instrumental,,plural,20,1,ordinal,
двадцятому двадцятім,prepositional,masculine,singular,20,1,ordinal,
двадцятій,prepositional,feminine,singular,20,1,ordinal,
двадцятому двадцятім,prepositional,neuter,singular,20,1,ordinal,
двадцятих,prepositional,,plural,20,1,ordinal,
тридцять,nominative,,plural,30,1,quantitative,
тридцятеро,nominative,,plural,30,1,collective,
тридцяти тридцятьох,genetive,,plural,30,1,quantitative,
тридцяти тридцятьом,dative,,plural,30,1,quantitative,
тридцять тридцятьох,accusative,,plural,30,1,quantitative,
тридцятьма тридцятьома,instrumental,,plural,30,1,quantitative,
тридцяти тридцятьох,prepositional,,plural,30,1,quantitative,
тридцятий,nominative,masculine,singular,30,1,ordinal,
тридцята,nominative,feminine,singular,30,1,ordinal,
тридцяте,nominative,neuter,singular,30,1,ordinal,
тридцяті,nominative,,plural,30,1,ordinal,
тридцятого,genetive,masculine,singular,30,1,ordinal,
тридцятої,genetive,feminine,singular,30,1,ordinal,
тридцятого,genetive,neuter,singular,30,1,ordinal,
тридцятих,genetive,,plural,30,1,ordinal,
тридцятому,dative,masculine,singular,30,1,ordinal,
тридцятій,dative,feminine,singular,30,1,ordinal,
тридцятому,dative,neuter,singular,30,1,ordinal,
тридцятим,dative,,plural,30,1,ordinal,
тридцятий тридцятого,accusative,masculine,singular,30,1,ordinal,
тридцяту,accusative,feminine,singular,30,1,ordinal,
тридцяте,accusative,neuter,singular,30,1,ordinal,
тридцяті тридцятих,accusative,,plural,30,1,ordinal,
тридцятим,instrumental,masculine,singular,30,1,ordinal,
тридцятою,instrumental,feminine,singular,30,1,ordinal,
тридцятим,instrumental,neuter,singular,30,1,ordinal,
тридцятими,instrumental,,plural,30,1,ordinal,
тридцятому тридцятім,prepositional,masculine,singular,30,1,ordinal,
тридцятій,prepositional,feminine,singular,30,1,ordinal,
тридцятому тридцятім,prepositional,neuter,singular,30,1,ordinal,
тридцятих,prepositional,,plural,30,1,ordinal,
сорок,nominative,,plural,40,1,quantitative,
сорока,genetive,,plural,40,1,quantitative,
сорока,dative,,plural,40,1,quantitative,
сорок,accusative,,plural,40,1,quantitative,
сорока,instrumental,,plural,40,1,quantitative,
сорока,prepositional,,plural,40,1,quantitative,
сороковий,nominative,masculine,singular,40,1,ordinal,
сорокова,nominative,feminine,singular,40,1,ordinal,
сорокове,nominative,neuter,singular,40,1,ordinal,
сорокові,nominative,,plural,40,1,ordinal,
сорокового,genetive,masculine,singular,40,1,ordinal,
сорокової,genetive,feminine,singular,40,1,ordinal,
сорокового,genetive,neuter,singular,40,1,ordinal,
сорокових,genetive,,plural,40,1,ordinal,
сороковому,dative,masculine,singular,40,1,ordinal,
сороковій,dative,feminine,singular,40,1,ordinal,
сороковому,dative,neuter,singular,40,1,ordinal,
сороковим,dative,,plural,40,1,ordinal,
сороковий сорокового,accusative,masculine,singular,40,1,ordinal,
сорокову,accusative,feminine,singular,40,1,ordinal,
сорокове,accusative,neuter,singular,40,1,ordinal,
сорокові сорокових,accusative,,plural,40,1,ordinal,
сороковим,instrumental,masculine,singular,40,1,ordinal,
сороковою,instrumental,feminine,singular,40,1,ordinal,
сороковим,instrumental,neuter,singular,40,1,ordinal,
сороковими,instrumental,,plural,40,1,ordinal,
сороковому сороковім,prepositional,masculine,singular,40,1,ordinal,
сороковій,prepositional,feminine,singular,40,1,ordinal,
сороковому сороковім,prepositional,neuter,singular,40,1,ordinal,
сорокових,prepositional,,plural,40,1,ordinal,
п’ятдесят,nominative,,plural,50,1,quantitative,
п’ятдесяти п’ятдесятьох,genetive,,plural,50,1,quantitative,
п’ятдесяти п’ятдесятьом,dative,,plural,50,1,quantitative,
п’ятдесят п’ятдесятьох,accusative,,plural,50,1,quantitative,
п’ятдесятьма п’ятдесятьома,instrumental,,plural,50,1,quantitative,
п’ятдесяти п’ятдесятьох,prepositional,,plural,50,1,quantitative,
п’ятдесятий,nominative,masculine,singular,50,1,ordinal,
п’ятдесята,nominative,feminine,singular,50,1,ordinal,
п’ятдесяте,nominative,neuter,singular,50,1,ordinal,
п’ятдесяті,nominative,,plural,50,1,ordinal,
п’ятдесятого,genetive,masculine,singular,50,1,ordinal,
п’ятдесятої,genetive,feminine,singular,50,1,ordinal,
п’ятдесятого,genetive,neuter,singular,50,1,ordinal,
п’ятдесятих,genetive,,plural,50,1,ordinal,
п’ятдесятому,dative,masculine,singular,50,1,ordinal,
п’ятдесятій,dative,feminine,singular,50,1,ordinal,
п’ятдесятому,dative,neuter,singular,50,1,ordinal,
п’ятдесятим,dative,,plural,50,1,ordinal,
п’ятдесятий п’ятдесятого,accusative,masculine,singular,50,1,ordinal,
п’ятдесяту,accusative,feminine,singular,50,1,ordinal,
п’ятдесяте,accusative,neuter,singular,50,1,ordinal,
п’ятдесяті п’ятдесятих,accusative,,plural,50,1,ordinal,
п’ятдесятим,instrumental,masculine,singular,50,1,ordinal,
п’ятдесятою,instrumental,feminine,singular,50,1,ordinal,
п’ятдесятим,instrumental,neuter,singular,50,1,ordinal,
п’ятдесятими,instrumental,,plural,50,1,ordinal,
п’ятдесятому п’ятдесятім,prepositional,masculine,singular,50,1,ordinal,
п’ятдесятій,prepositional,feminine,singular,50,1,ordinal,
п’ятдесятому п’ятдесятім,prepositional,neuter,singular,50,1,ordinal,
п’ятдесятих,prepositional,,plural,50,1,ordinal,
шістдесят,nominative,,plural,60,1,quantitative,
шістдесяти шістдесятьох,genetive,,plural,60,1,quantitative,
шістдесяти шістдесятьом,dative,,plural,60,1,quantitative,
шістдесят шістдесятьох,accusative,,plural,60,1,quantitative,
шістдесятьма шістдесятьома,instrumental,,plural,60,1,quantitative,
шістдесяти шістдесятьох,prepositional,,plural,60,1,quantitative,
шістдесятий,nominative,masculine,singular,60,1,ordinal,
шістдесята,nominative,feminine,singular,60,1,ordinal,
шістдесяте,nominative,neuter,singular,60,1,ordinal,
шістдесяті,nominative,,plural,60,1,ordinal,
шістдесятого,genetive,masculine,singular,60,1,ordinal,
шістдесятої,genetive,feminine,singular,60,1,ordinal,
шістдесятого,genetive,neuter,singular,60,1,ordinal,
шістдесятих,genetive,,plural,60,1,ordinal,
шістдесятому,dative,masculine,singular,60,1,ordinal,
шістдесятій,dative,feminine,singular,60,1,ordinal,
шістдесятому,dative,neuter,singular,60,1,ordinal,
шістдесятим,dative,,plural,60,1,ordinal,
шістдесятий шістдесятого,accusative,masculine,singular,60,1,ordinal,
шістдесяту,accusative,feminine,singular,60,1,ordinal,
шістдесяте,accusative,neuter,singular,60,1,ordinal,
шістдесяті шістдесятих,accusative,,plural,60,1,ordinal,
шістдесятим,instrumental,masculine,singular,60,1,ordinal,
шістдесятою,instrumental,feminine,singular,60,1,ordinal,
шістдесятим,instrumental,neuter,singular,60,1,ordinal,
шістдесятими,instrumental,,plural,60,1,ordinal,
шістдесятому шістдесятім,prepositional,masculine,singular,60,1,ordinal,
шістдесятій,prepositional,feminine,singular,60,1,ordinal,
шістдесятому шістдесятім,prepositional,neuter,singular,60,1,ordinal,
шістдесятих,prepositional,,plural,60,1,ordinal,
сімдесят,nominative,,plural,70,1,quantitative,
сімдесяти сімдесятьох,genetive,,plural,70,1,quantitative,
сімдесяти сімдесятьом,dative,,plural,70,1,quantitative,
сімдесят сімдесятьох,accusative,,plural,70,1,quantitative,
сімдесятьма сімдесятьома,instrumental,,plural,70,1,quantitative,
сімдесяти сімдесятьох,prepositional,,plural,70,1,quantitative,
сімдесятий,nominative,masculine,singular,70,1,ordinal,
сімдесята,nominative,feminine,singular,70,1,ordinal,
сімдесяте,nominative,neuter,singular,70,1,ordinal,
сімдесяті,nominative,,plural,70,1,ordinal,
сімдесятого,genetive,masculine,singular,70,1,ordinal,
сімдесятої,genetive,feminine,singular,70,1,ordinal,
сімдесятого,genetive,neuter,singular,70,1,ordinal,
сімдесятих,genetive,,plural,70,1,ordinal,
сімдесятому,dative,masculine,singular,70,1,ordinal,
сімдесятій,dative,feminine,singular,70,1,ordinal,
сімдесятому,dative,neuter,singular,70,1,ordinal,
сімдесятим,dative,,plural,70,1,ordinal,
сімдесятий сімдесятого,accusative,masculine,singular,70,1,ordinal,
сімдесяту,accusative,feminine,singular,70,1,ordinal,
сімдесяте,accusative,neuter,singular,70,1,ordinal,
сімдесяті сімдесятих,accusative,,plural,70,1,ordinal,
сімдесятим,instrumental,masculine,singular,70,1,ordinal,
сімдесятою,instrumental,feminine,singular,70,1,ordinal,
сімдесятим,instrumental,neuter,singular,70,1,ordinal,
сімдесятими,instrumental,,plural,70,1,ordinal,
сімдесятому сімдесятім,prepositional,masculine,singular,70,1,ordinal,
сімдесятій,prepositional,feminine,singular,70,1,ordinal,
сімдесятому сімдесятім,prepositional,neuter,singular,70,1,ordinal,
сімдесятих,prepositional,,plural,70,1,ordinal,
вісімдесят,nominative,,plural,80,1,quantitative,
вісімдесяти вісімдесятьох,genetive,,plural,80,1,quantitative,
вісімдесяти вісімдесятьом,dative,,plural,80,1,quantitative,
вісімдесят вісімдесятьох,accusative,,plural,80,1,quantitative,
вісімдесятьма вісімдесятьома,instrumental,,plural,80,1,quantitative,
вісімдесяти вісімдесятьох,prepositional,,plural,80,1,quantitative,
вісімдесятий,nominative,masculine,singular,80,1,ordinal,
вісімдесята,nominative,feminine,singular,80,1,ordinal,
вісімдесяте,nominative,neuter,singular,80,1,ordinal,
вісімдесяті,nominative,,plural,80,1,ordinal,
вісімдесятого,genetive,masculine,singular,80,1,ordinal,
вісімдесятої,genetive,feminine,singular,80,1,ordinal,
вісімдесятого,genetive,neuter,singular,80,1,ordinal,
вісімдесятих,genetive,,plural,80,1,ordinal,
вісімдесятому,dative,masculine,singular,80,1,ordinal,
вісімдесятій,dative,feminine,singular,80,1,ordinal,
вісімдесятому,dative,neuter,singular,80,1,ordinal,
вісімдесятим,dative,,plural,80,1,ordinal,
вісімдесятий вісімдесятого,accusative,masculine,singular,80,1,ordinal,
вісімдесяту,accusative,feminine,singular,80,1,ordinal,
вісімдесяте,accusative,neuter,singular,80,1,ordinal,
вісімдесяті вісімдесятих,accusative,,plural,80,1,ordinal,
вісімдесятим,instrumental,masculine,singular,80,1,ordinal,
вісімдесятою,instrumental,feminine,singular,80,1,ordinal,
вісімдесятим,instrumental,neuter,singular,80,1,ordinal,
вісімдесятими,instrumental,,plural,80,1,ordinal,
вісімдесятому вісімдесятім,prepositional,masculine,singular,80,1,ordinal,
вісімдесятій,prepositional,feminine,singular,80,1,ordinal,
вісімдесятому вісімдесятім,prepositional,neuter,singular,80,1,ordinal,
вісімдесятих,prepositional,,plural,80,1,ordinal,
дев’яносто,nominative,,plural,90,1,quantitative,
дев’яноста,genetive,,plural,90,1,quantitative,
дев’яноста,dative,,plural,90,1,quantitative,
дев’яносто,accusative,,plural,90,1,quantitative,
дев’яноста,instrumental,,plural,90,1,quantitative,
дев’яноста,prepositional,,plural,90,1,quantitative,
дев’яностий,nominative,masculine,singular,90,1,ordinal,
дев’яноста,nominative,feminine,singular,90,1,ordinal,
дев’яносте,nominative,neuter,singular,90,1,ordinal,
дев’яності,nominative,,plural,90,1,ordinal,
дев’яностого,genetive,masculine,singular,90,1,ordinal,
дев’яностої,genetive,feminine,singular,90,1,ordinal,
дев’яностого,genetive,neuter,singular,90,1,ordinal,
дев’яностих,genetive,,plural,90,1,ordinal,
дев’яностому,dative,masculine,singular,90,1,ordinal,
дев’яностій,dative,feminine,singular,90,1,ordinal,
дев’яностому,dative,neuter,singular,90,1,ordinal,
дев’яностим,dative,,plural,90,1,ordinal,
дев’яностий дев’яностого,accusative,masculine,singular,90,1,ordinal,
дев’яносту,accusative,feminine,singular,90,1,ordinal,
дев’яносте,accusative,neuter,singular,90,1,ordinal,
дев’яності дев’яностих,accusative,,plural,90,1,ordinal,
дев’яностим,instrumental,masculine,singular,90,1,ordinal,
дев’яностою,instrumental,feminine,singular,90,1,ordinal,
дев’яностим,instrumental,neuter,singular,90,1,ordinal,
дев’яностими,instrumental,,plural,90,1,ordinal,
дев’яностому дев’яностім,prepositional,masculine,singular,90,1,ordinal,
дев’яностій,prepositional,feminine,singular,90,1,ordinal,
дев’яностому дев’яностім,prepositional,neuter,singular,90,1,ordinal,
дев’яностих,prepositional,,plural,90,1,ordinal,
сто,nominative,,plural,100,2,quantitative,
ста,genetive,,plural,100,2,quantitative,
ста,dative,,plural,100,2,quantitative,
сто,accusative,,plural,100,2,quantitative,
ста,instrumental,,plural,100,2,quantitative,
ста,prepositional,,plural,100,2,quantitative,
сотня,nominative,,singular,100,2,collective,TRUE
сотні,nominative,,plural,100,2,collective,TRUE
сотні,genetive,,singular,100,2,collective,TRUE
сотень,genetive,,plural,100,2,collective,TRUE
сотні,dative,,singular,100,2,collective,TRUE
сотням,dative,,plural,100,2,collective,TRUE
сотню,accusative,,singular,100,2,collective,TRUE
сотні,accusative,,plural,100,2,collective,TRUE
сотнею,instrumental,,singular,100,2,collective,TRUE
сотнями,instrumental,,plural,100,2,collective,TRUE
сотні,prepositional,,singular,100,2,collective,TRUE
сотнях,prepositional,,plural,100,2,collective,TRUE
сотий,nominative,masculine,singular,100,2,ordinal,
сота,nominative,feminine,singular,100,2,ordinal,
соте,nominative,neuter,singular,100,2,ordinal,
соті,nominative,,plural,100,2,ordinal,
сотого,genetive,masculine,singular,100,2,ordinal,
сотої,genetive,feminine,singular,100,2,ordinal,
сотого,genetive,neuter,singular,100,2,ordinal,
сотих,genetive,,plural,100,2,ordinal,
сотому,dative,masculine,singular,100,2,ordinal,
сотій,dative,feminine,singular,100,2,ordinal,
сотому,dative,neuter,singular,100,2,ordinal,
сотим,dative,,plural,100,2,ordinal,
сотий сотого,accusative,masculine,singular,100,2,ordinal,
соту,accusative,feminine,singular,100,2,ordinal,
соте,accusative,neuter,singular,100,2,ordinal,
соті сотих,accusative,,plural,100,2,ordinal,
сотим,instrumental,masculine,singular,100,2,ordinal,
сотою,instrumental,feminine,singular,100,2,ordinal,
сотим,instrumental,neuter,singular,100,2,ordinal,
сотими,instrumental,,plural,100,2,ordinal,
сотому сотім,prepositional,masculine,singular,100,2,ordinal,
сотій,prepositional,feminine,singular,100,2,ordinal,
сотому сотім,prepositional,neuter,singular,100,2,ordinal,
сотих,prepositional,,plural,100,2,ordinal,
двісті,nominative,,plural,200,2,quantitative,
двохсот,genetive,,plural,200,2,quantitative,
двомстам,dative,,plural,200,2,quantitative,
двісті,accusative,,plural,200,2,quantitative,
двомастами,instrumental,,plural,200,2,quantitative,
двохстах,prepositional,,plural,200,2,quantitative,
двохсотий,nominative,masculine,singular,200,2,ordinal,
двохсота,nominative,feminine,singular,200,2,ordinal,
двохсоте,nominative,neuter,singular,200,2,ordinal,
двохсоті,nominative,,plural,200,2,ordinal,
двохсотого,genetive,masculine,singular,200,2,ordinal,
двохсотої,genetive,feminine,singular,200,2,ordinal,
двохсотого,genetive,neuter,singular,200,2,ordinal,
двохсотих,genetive,,plural,200,2,ordinal,
двохсотому,dative,masculine,singular,200,2,ordinal,
двохсотій,dative,feminine,singular,200,2,ordinal,
двохсотому,dative,neuter,singular,200,2,ordinal,
двохсотим,dative,,plural,200,2,ordinal,
двохсотий двохсотого,accusative,masculine,singular,200,2,ordinal,
двохсоту,accusative,feminine,singular,200,2,ordinal,
двохсоте,accusative,neuter,singular,200,2,ordinal,
двохсоті двохсотих,accusative,,plural,200,2,ordinal,
двохсотим,instrumental,masculine,singular,200,2,ordinal,
двохсотою,instrumental,feminine,singular,200,2,ordinal,
двохсотим,instrumental,neuter,singular,200,2,ordinal,
двохсотими,instrumental,,plural,200,2,ordinal,
двохсотому двохсотім,prepositional,masculine,singular,200,2,ordinal,
двохсотій,prepositional,feminine,singular,200,2,ordinal,
двохсотому двохсотім,prepositional,neuter,singular,200,2,ordinal,
двохсотих,prepositional,,plural,200,2,ordinal,
триста,nominative,,plural,300,2,quantitative,
трьохсот,genetive,,plural,300,2,quantitative,
трьомстам,dative,,plural,300,2,quantitative,
триста,accusative,,plural,300,2,quantitative,
трьомастами,instrumental,,plural,300,2,quantitative,
трьохстах,prepositional,,plural,300,2,quantitative,
трьохсотий,nominative,masculine,singular,300,2,ordinal,
трьохсота,nominative,feminine,singular,300,2,ordinal,
трьохсоте,nominative,neuter,singular,300,2,ordinal,
трьохсоті,nominative,,plural,300,2,ordinal,
трьохсотого,genetive,masculine,singular,300,2,ordinal,
трьохсотої,genetive,feminine,singular,300,2,ordinal,
трьохсотого,genetive,neuter,singular,300,2,ordinal,
трьохсотих,genetive,,plural,300,2,ordinal,
трьохсотому,dative,masculine,singular,300,2,ordinal,
трьохсотій,dative,feminine,singular,300,2,ordinal,
трьохсотому,dative,neuter,singular,300,2,ordinal,
трьохсотим,dative,,plural,300,2,ordinal,
трьохсотий трьохсотого,accusative,masculine,singular,300,2,ordinal,
трьохсоту,accusative,feminine,singular,300,2,ordinal,
трьохсоте,accusative,neuter,singular,300,2,ordinal,
трьохсоті трьохсотих,accusative,,plural,300,2,ordinal,
трьохсотим,instrumental,masculine,singular,300,2,ordinal,
трьохсотою,instrumental,feminine,singular,300,2,ordinal,
трьохсотим,instrumental,neuter,singular,300,2,ordinal,
трьохсотими,instrumental,,plural,300,2,ordinal,
трьохсотому трьохсотім,prepositional,masculine,singular,300,2,ordinal,
трьохсотій,prepositional,feminine,singular,300,2,ordinal,
трьохсотому трьохсотім,prepositional,neuter,singular,300,2,ordinal,
трьохсотих,prepositional,,plural,300,2,ordinal,
чотириста,nominative,,plural,400,2,quantitative,
чотирьохсот,genetive,,plural,400,2,quantitative,
чотирьомстам,dative,,plural,400,2,quantitative,
чотириста,accusative,,plural,400,2,quantitative,
чотирмастами,instrumental,,plural,400,2,quantitative,
чотирьохстах,prepositional,,plural,400,2,quantitative,
чотирьохсотий,nominative,masculine,singular,400,2,ordinal,
чотирьохсота,nominative,feminine,singular,400,2,ordinal,
чотирьохсоте,nominative,neuter,singular,400,2,ordinal,
чотирьохсоті,nominative,,plural,400,2,ordinal,
чотирьохсотого,genetive,masculine,singular,400,2,ordinal,
чотирьохсотої,genetive,feminine,singular,400,2,ordinal,
чотирьохсотого,genetive,neuter,singular,400,2,ordinal,
чотирьохсотих,genetive,,plural,400,2,ordinal,
чотирьохсотому,dative,masculine,singular,400,2,ordinal,
чотирьохсотій,dative,feminine,singular,400,2,ordinal,
чотирьохсотому,dative,neuter,singular,400,2,ordinal,
чотирьохсотим,dative,,plural,400,2,ordinal,
чотирьохсотий чотирьохсотого,accusative,masculine,singular,400,2,ordinal,
чотирьохсоту,accusative,feminine,singular,400,2,ordinal,
чотирьохсоте,accusative,neuter,singular,400,2,ordinal,
чотирьохсоті чотирьохсотих,accusative,,plural,400,2,ordinal,
чотирьохсотим,instrumental,masculine,singular,400,2,ordinal,
чотирьохсотою,instrumental,feminine,singular,400,2,ordinal,
чотирьохсотим,instrumental,neuter,singular,400,2,ordinal,
чотирьохсотими,instrumental,,plural,400,2,ordinal,
чотирьохсотому чотирьохсотім,prepositional,masculine,singular,400,2,ordinal,
чотирьохсотій,prepositional,feminine,singular,400,2,ordinal,
чотирьохсотому чотирьохсотім,prepositional,neuter,singular,400,2,ordinal,
чотирьохсотих,prepositional,,plural,400,2,ordinal,
п’ятсот,nominative,,plural,500,2,quantitative,
п’ятисот,genetive,,plural,500,2,quantitative,
п’ятистам,dative,,plural,500,2,quantitative,
п’ятсот,accusative,,plural,500,2,quantitative,
п’ятьмастами п’ятьомастами,instrumental,,plural,500,2,quantitative,
п’ятистах,prepositional,,plural,500,2,quantitative,
п’ятисотий,nominative,masculine,singular,500,2,ordinal,
п’ятисота,nominative,feminine,singular,500,2,ordinal,
п’ятисоте,nominative,neuter,singular,500,2,ordinal,
п’ятисоті,nominative,,plural,500,2,ordinal,
п’ятисотого,genetive,masculine,singular,500,2,ordinal,
п’ятисотої,genetive,feminine,singular,500,2,ordinal,
п’ятисотого,genetive,neuter,singular,500,2,ordinal,
п’ятисотих,genetive,,plural,500,2,ordinal,
п’ятисотому,dative,masculine,singular,500,2,ordinal,
п’ятисотій,dative,feminine,singular,500,2,ordinal,
п’ятисотому,dative,neuter,singular,500,2,ordinal,
п’ятисотим,dative,,plural,500,2,ordinal,
п’ятисотий п’ятисотого,accusative,masculine,singular,500,2,ordinal,
п’ятисоту,accusative,feminine,singular,500,2,ordinal,
п’ятисоте,accusative,neuter,singular,500,2,ordinal,
п’ятисоті п’ятисотих,accusative,,plural,500,2,ordinal,
п’ятисотим,instrumental,masculine,singular,500,2,ordinal,
п’ятисотою,instrumental,feminine,singular,500,2,ordinal,
п’ятисотим,instrumental,neuter,singular,500,2,ordinal,
п’ятисотими,instrumental,,plural,500,2,ordinal,
п’ятисотому п’ятисотім,prepositional,masculine,singular,500,2,ordinal,
п’ятисотій,prepositional,feminine,singular,500,2,ordinal,
п’ятисотому п’ятисотім,prepositional,neuter,singular,500,2,ordinal,
п’ятисотих,prepositional,,plural,500,2,ordinal,
шістсот,nominative,,plural,600,2,quantitative,
шестисот,genetive,,plural,600,2,quantitative,
шестистам,dative,,plural,600,2,quantitative,
шістсот,accusative,,plural,600,2,quantitative,
шістьмастами шістьомастами,instrumental,,plural,600,2,quantitative,
шестистах,prepositional,,plural,600,2,quantitative,
шестисотий,nominative,masculine,singular,600,2,ordinal,
шестисота,nominative,feminine,singular,600,2,ordinal,
шестисоте,nominative,neuter,singular,600,2,ordinal,
шестисоті,nominative,,plural,600,2,ordinal,
шестисотого,genetive,masculine,singular,600,2,ordinal,
шестисотої,genetive,feminine,singular,600,2,ordinal,
шестисотого,genetive,neuter,singular,600,2,ordinal,
шестисотих,genetive,,plural,600,2,ordinal,
шестисотому,dative,masculine,singular,600,2,ordinal,
шестисотій,dative,feminine,singular,600,2,ordinal,
шестисотому,dative,neuter,singular,600,2,ordinal,
шестисотим,dative,,plural,600,2,ordinal,
шестисотий шестисотого,accusative,masculine,singular,600,2,ordinal,
шестисоту,accusative,feminine,singular,600,2,ordinal,
шестисоте,accusative,neuter,singular,600,2,ordinal,
шестисоті шестисотих,accusative,,plural,600,2,ordinal,
шестисотим,instrumental,masculine,singular,600,2,ordinal,
шестисотою,instrumental,feminine,singular,600,2,ordinal,
шестисотим,instrumental,neuter,singular,600,2,ordinal,
шестисотими,instrumental,,plural,600,2,ordinal,
шестисотому шестисотім,prepositional,masculine,singular,600,2,ordinal,
шестисотій,prepositional,feminine,singular,600,2,ordinal,
шестисотому шестисотім,prepositional,neuter,singular,600,2,ordinal,
шестисотих,prepositional,,plural,600,2,ordinal,
сімсот,nominative,,plural,700,2,quantitative,
семисот,genetive,,plural,700,2,quantitative,
семистам,dative,,plural,700,2,quantitative,
сімсот,accusative,,plural,700,2,quantitative,
сьомастами сімомастами,instrumental,,plural,700,2,quantitative,
семистах,prepositional,,plural,700,2,quantitative,
семисотий,nominative,masculine,singular,700,2,ordinal,
семисота,nominative,feminine,singular,700,2,ordinal,
семисоте,nominative,neuter,singular,700,2,ordinal,
семисоті,nominative,,plural,700,2,ordinal,
семисотого,genetive,masculine,singular,700,2,ordinal,
семисотої,genetive,feminine,singular,700,2,ordinal,
семисотого,genetive,neuter,singular,700,2,ordinal,
семисотих,genetive,,plural,700,2,ordinal,
семисотому,dative,masculine,singular,700,2,ordinal,
семисотій,dative,feminine,singular,700,2,ordinal,
семисотому,dative,neuter,singular,700,2,ordinal,
семисотим,dative,,plural,700,2,ordinal,
семисотий семисотого,accusative,masculine,singular,700,2,ordinal,
семисоту,accusative,feminine,singular,700,2,ordinal,
семисоте,accusative,neuter,singular,700,2,ordinal,
семисоті семисотих,accusative,,plural,700,2,ordinal,
семисотим,instrumental,masculine,singular,700,2,ordinal,
семисотою,instrumental,feminine,singular,700,2,ordinal,
семисотим,instrumental,neuter,singular,700,2,ordinal,
семисотими,instrumental,,plural,700,2,ordinal,
семисотому семисотім,prepositional,masculine,singular,700,2,ordinal,
семисотій,prepositional,feminine,singular,700,2,ordinal,
семисотому семисотім,prepositional,neuter,singular,700,2,ordinal,
семисотих,prepositional,,plural,700,2,ordinal,
вісімсот,nominative,,plural,800,2,quantitative,
восьмисот,genetive,,plural,800,2,quantitative,
восьмистам,dative,,plural,800,2,quantitative,
вісімсот,accusative,,plural,800,2,quantitative,
вісьмастами вісьмомастами,instrumental,,plural,800,2,quantitative,
восьмистах,prepositional,,plural,800,2,quantitative,
восьмисотий,nominative,masculine,singular,800,2,ordinal,
восьмисота,nominative,feminine,singular,800,2,ordinal,
восьмисоте,nominative,neuter,singular,800,2,ordinal,
восьмисоті,nominative,,plural,800,2,ordinal,
восьмисотого,genetive,masculine,singular,800,2,ordinal,
восьмисотої,genetive,feminine,singular,800,2,ordinal,
восьмисотого,genetive,neuter,singular,800,2,ordinal,
восьмисотих,genetive,,plural,800,2,ordinal,
восьмисотому,dative,masculine,singular,800,2,ordinal,
восьмисотій,dative,feminine,singular,800,2,ordinal,
восьмисотому,dative,neuter,singular,800,2,ordinal,
восьмисотим,dative,,plural,800,2,ordinal,
восьмисотий восьмисотого,accusative,masculine,singular,800,2,ordinal,
восьмисоту,accusative,feminine,singular,800,2,ordinal,
восьмисоте,accusative,neuter,singular,800,2,ordinal,
восьмисоті восьмисотих,accusative,,plural,800,2,ordinal,
восьмисотим,instrumental,masculine,singular,800,2,ordinal,
восьмисотою,instrumental,feminine,singular,800,2,ordinal,
восьмисотим,instrumental,neuter,singular,800,2,ordinal,
восьмисотими,instrumental,,plural,800,2,ordinal,
восьмисотому восьмисотім,prepositional,masculine,singular,800,2,ordinal,
восьмисотій,prepositional,feminine,singular,800,2,ordinal,
восьмисотому восьмисотім,prepositional,neuter,singular,800,2,ordinal,
восьмисотих,prepositional,,plural,800,2,ordinal,
дев’ятсот,nominative,,plural,900,2,quantitative,
дев’ятисот,genetive,,plural,900,2,quantitative,
дев’ятистам,dative,,plural,900,2,quantitative,
дев’ятсот,accusative,,plural,900,2,quantitative,
дев’ятьмастами дев’ятьомастами,instrumental,,plural,900,2,quantitative,
дев’ятистах,prepositional,,plural,900,2,quantitative,
дев’ятисотий,nominative,masculine,singular,900,2,ordinal,
дев’ятисота,nominative,feminine,singular,900,2,ordinal,
дев’ятисоте,nominative,neuter,singular,900,2,ordinal,
дев’ятисоті,nominative,,plural,900,2,ordinal,
дев’ятисотого,genetive,masculine,singular,900,2,ordinal,
дев’ятисотої,genetive,feminine,singular,900,2,ordinal,
дев’ятисотого,genetive,neuter,singular,900,2,ordinal,
дев’ятисотих,genetive,,plural,900,2,ordinal,
дев’ятисотому,dative,masculine,singular,900,2,ordinal,
дев’ятисотій,dative,feminine,singular,900,2,ordinal,
дев’ятисотому,dative,neuter,singular,900,2,ordinal,
дев’ятисотим,dative,,plural,900,2,ordinal,
дев’ятисотий дев’ятисотого,accusative,masculine,singular,900,2,ordinal,
дев’ятисоту,accusative,feminine,singular,900,2,ordinal,
дев’ятисоте,accusative,neuter,singular,900,2,ordinal,
дев’ятисоті дев’ятисотих,accusative,,plural,900,2,ordinal,
дев’ятисотим,instrumental,masculine,singular,900,2,ordinal,
дев’ятисотою,instrumental,feminine,singular,900,2,ordinal,
дев’ятисотим,instrumental,neuter,singular,900,2,ordinal,
дев’ятисотими,instrumental,,plural,900,2,ordinal,
дев’ятисотому дев’ятисотім,prepositional,masculine,singular,900,2,ordinal,
дев’ятисотій,prepositional,feminine,singular,900,2,ordinal,
дев’ятисотому дев’ятисотім,prepositional,neuter,singular,900,2,ordinal,
дев’ятисотих,prepositional,,plural,900,2,ordinal,
тисяча,nominative,,singular,1000,3,quantitative,TRUE
тисячі,nominative,,plural,1000,3,quantitative,TRUE
тисячі,genetive,,singular,1000,3,quantitative,TRUE
тисяч,genetive,,plural,1000,3,quantitative,TRUE
тисячі,dative,,singular,1000,3,quantitative,TRUE
тисячам,dative,,plural,1000,3,quantitative,TRUE
тисячу,accusative,,singular,1000,3,quantitative,TRUE
тисячі,accusative,,plural,1000,3,quantitative,TRUE
тисячею,instrumental,,singular,1000,3,quantitative,TRUE
тисячами,instrumental,,plural,1000,3,quantitative,TRUE
тисячі,prepositional,,singular,1000,3,quantitative,TRUE
тисячах,prepositional,,plural,1000,3,quantitative,TRUE
тисячний,nominative,masculine,singular,1000,3,ordinal,TRUE
тисячна,nominative,feminine,singular,1000,3,ordinal,TRUE
тисячне,nominative,neuter,singular,1000,3,ordinal,TRUE
тисячні,nominative,,plural,1000,3,ordinal,TRUE
тисячного,genetive,masculine,singular,1000,3,ordinal,TRUE
тисячної,genetive,feminine,singular,1000,3,ordinal,TRUE
тисячного,genetive,neuter,singular,1000,3,ordinal,TRUE
тисячних,genetive,,plural,1000,3,ordinal,TRUE
тисячному,dative,masculine,singular,1000,3,ordinal,TRUE
тисячній,dative,feminine,singular,1000,3,ordinal,TRUE
тисячному,dative,neuter,singular,1000,3,ordinal,TRUE
тисячним,dative,,plural,1000,3,ordinal,TRUE
тисячний тисячного,accusative,masculine,singular,1000,3,ordinal,TRUE
тисячну,accusative,feminine,singular,1000,3,ordinal,TRUE
тисячне,accusative,neuter,singular,1000,3,ordinal,TRUE
тисячні тисячних,accusative,,plural,1000,3,ordinal,TRUE
тисячним,instrumental,masculine,singular,1000,3,ordinal,TRUE
тисячною,instrumental,feminine,singular,1000,3,ordinal,TRUE
тисячним,instrumental,neuter,singular,1000,3,ordinal,TRUE
тисячними,instrumental,,plural,1000,3,ordinal,TRUE
тисячному тисячнім,prepositional,masculine,singular,1000,3,ordinal,TRUE
тисячній,prepositional,feminine,singular,1000,3,ordinal,TRUE
тисячному тисячнім,prepositional,neuter,singular,1000,3,ordinal,TRUE
тисячних,prepositional,,plural,1000,3,ordinal,TRUE
мільйон,nominative,,singular,1000000,6,quantitative,TRUE
мільйони,nominative,,plural,1000000,6,quantitative,TRUE
мільйона,genetive,,singular,1000000,6,quantitative,TRUE
мільйонів,genetive,,plural,1000000,6,quantitative,TRUE
мільйону мільйонові,dative,,singular,1000000,6,quantitative,TRUE
мільйонам,dative,,plural,1000000,6,quantitative,TRUE
мільйон,accusative,,singular,1000000,6,quantitative,TRUE
мільйони,accusative,,plural,1000000,6,quantitative,TRUE
мільйоном,instrumental,,singular,1000000,6,quantitative,TRUE
мільйонами,instrumental,,plural,1000000,6,quantitative,TRUE
мільйоні,prepositional,,singular,1000000,6,quantitative,TRUE
мільйонах,prepositional,,plural,1000000,6,quantitative,TRUE
мільйонний,nominative,masculine,singular,1000000,6,ordinal,TRUE
мільйонна,nominative,feminine,singular,1000000,6,ordinal,TRUE
мільйонне,nominative,neuter,singular,1000000,6,ordinal,TRUE
мільйонні,nominative,,plural,1000000,6,ordinal,TRUE
мільйонного,genetive,masculine,singular,1000000,6,ordinal,TRUE
мільйонної,genetive,feminine,singular,1000000,6,ordinal,TRUE
мільйонного,genetive,neuter,singular,1000000,6,ordinal,TRUE
мільйонних,genetive,,plural,1000000,6,ordinal,TRUE
мільйонному,dative,masculine,singular,1000000,6,ordinal,TRUE
мільйонній,dative,feminine,singular,1000000,6,ordinal,TRUE
мільйонному,dative,neuter,singular,1000000,6,ordinal,TRUE
мільйонним,dative,,plural,1000000,6,ordinal,TRUE
мільйонний мільйонного,accusative,masculine,singular,1000000,6,ordinal,TRUE
мільйонну,accusative,feminine,singular,1000000,6,ordinal,TRUE
мільйонне,accusative,neuter,singular,1000000,6,ordinal,TRUE
мільйонні мільйонних,accusative,,plural,1000000,6,ordinal,TRUE
мільйонним,instrumental,masculine,singular,1000000,6,ordinal,TRUE
мільйонною,instrumental,feminine,singular,1000000,6,ordinal,TRUE
мільйонним,instrumental,neuter,singular,1000000,6,ordinal,TRUE
мільйонними,instrumental,,plural,1000000,6,ordinal,TRUE
мільйонному мільйоннім,prepositional,masculine,singular,1000000,6,ordinal,TRUE
мільйонній,prepositional,feminine,singular,1000000,6,ordinal,TRUE
мільйонному мільйоннім,prepositional,neuter,singular,1000000,6,ordinal,TRUE
мільйонних,prepositional,,plural,1000000,6,ordinal,TRUE
мільярд,nominative,,singular,1000000000,9,quantitative,TRUE
мільярди,nominative,,plural,1000000000,9,quantitative,TRUE
мільярда,genetive,,singular,1000000000,9,quantitative,TRUE
мільярдів,genetive,,plural,1000000000,9,quantitative,TRUE
мільярду мільярдові,dative,,singular,1000000000,9,quantitative,TRUE
мільярдам,dative,,plural,1000000000,9,quantitative,TRUE
мільярд,accusative,,singular,1000000000,9,quantitative,TRUE
мільярди,accusative,,plural,1000000000,9,quantitative,TRUE
мільярдом,instrumental,,singular,1000000000,9,quantitative,TRUE
мільярдами,instrumental,,plural,1000000000,9,quantitative,TRUE
мільярді,prepositional,,singular,1000000000,9,quantitative,TRUE
мільярдах,prepositional,,plural,1000000000,9,quantitative,TRUE
мільярдний,nominative,masculine,singular,1000000000,9,ordinal,TRUE
мільярдна,nominative,feminine,singular,1000000000,9,ordinal,TRUE
мільярдне,nominative,neuter,singular,1000000000,9,ordinal,TRUE
мільярдні,nominative,,plural,1000000000,9,ordinal,TRUE
мільярдного,genetive,masculine,singular,1000000000,9,ordinal,TRUE
мільярдної,genetive,feminine,singular,1000000000,9,ordinal,TRUE
мільярдного,genetive,neuter,singular,1000000000,9,ordinal,TRUE
мільярдних,genetive,,plural,1000000000,9,ordinal,TRUE
мільярдному,dative,masculine,singular,1000000000,9,ordinal,TRUE
мільярдній,dative,feminine,singular,1000000000,9,ordinal,TRUE
мільярдному,dative,neuter,singular,1000000000,9,ordinal,TRUE
мільярдним,dative,,plural,1000000000,9,ordinal,TRUE
мільярдний мільярдного,accusative,masculine,singular,1000000000,9,ordinal,TRUE
мільярдну,accusative,feminine,singular,1000000000,9,ordinal,TRUE
мільярдне,accusative,neuter,singular,1000000000,9,ordinal,TRUE
мільярдні мільярдних,accusative,,plural,1000000000,9,ordinal,TRUE
мільярдним,instrumental,masculine,singular,1000000000,9,ordinal,TRUE
мільярдною,instrumental,feminine,singular,1000000000,9,ordinal,TRUE
мільярдним,instrumental,neuter,singular,1000000000,9,ordinal,TRUE
мільярдними,instrumental,,plural,1000000000,9,ordinal,TRUE
мільярдному мільярднім,prepositional,masculine,singular,1000000000,9,ordinal,TRUE
мільярдній,prepositional,feminine,singular,1000000000,9,ordinal,TRUE
мільярдному мільярднім,prepositional,neuter,singular,1000000000,9,ordinal,TRUE
мільярдних,prepositional,,plural,1000000000,9,ordinal,TRUE
трильйон,nominative,,singular,1000000000000,12,quantitative,TRUE
трильйони,nominative,,plural,1000000000000,12,quantitative,TRUE
трильйона,genetive,,singular,1000000000000,12,quantitative,TRUE
трильйонів,genetive,,plural,1000000000000,12,quantitative,TRUE
трильйону трильйонові,dative,,singular,1000000000000,12,quantitative,TRUE
трильйонам,dative,,plural,1000000000000,12,quantitative,TRUE
трильйон,accusative,,singular,1000000000000,12,quantitative,TRUE
трильйони,accusative,,plural,1000000000000,12,quantitative,TRUE
трильйоном,instrumental,,singular,1000000000000,12,quantitative,TRUE
трильйонами,instrumental,,plural,1000000000000,12,quantitative,TRUE
трильйоні,prepositional,,singular,1000000000000,12,quantitative,TRUE
трильйонах,prepositional,,plural,1000000000000,12,quantitative,TRUE
трильйонний,nominative,masculine,singular,1000000000000,12,ordinal,TRUE
трильйонна,nominative,feminine,singular,1000000000000,12,ordinal,TRUE
трильйонне,nominative,neuter,singular,1000000000000,12,ordinal,TRUE
трильйонні,nominative,,plural,1000000000000,12,ordinal,TRUE
трильйонного,genetive,masculine,singular,1000000000000,12,ordinal,TRUE
трильйонної,genetive,feminine,singular,1000000000000,12,ordinal,TRUE
трильйонного,genetive,neuter,singular,1000000000000,12,ordinal,TRUE
трильйонних,genetive,,plural,1000000000000,12,ordinal,TRUE
трильйонному,dative,masculine,singular,1000000000000,12,ordinal,TRUE
трильйонній,dative,feminine,singular,1000000000000,12,ordinal,TRUE
трильйонному,dative,neuter,singular,1000000000000,12,ordinal,TRUE
трильйонним,dative,,plural,1000000000000,12,ordinal,TRUE
трильйонний трильйонного,accusative,masculine,singular,1000000000000,12,ordinal,TRUE
трильйонну,accusative,feminine,singular,1000000000000,12,ordinal,TRUE
трильйонне,accusative,neuter,singular,1000000000000,12,ordinal,TRUE
трильйонні трильйонних,accusative,,plural,1000000000000,12,ordinal,TRUE
трильйонним,instrumental,masculine,singular,1000000000000,12,ordinal,TRUE
трильйонною,instrumental,feminine,singular,1000000000000,12,ordinal,TRUE
трильйонним,instrumental,neuter,singular,1000000000000,12,ordinal,TRUE
трильйонними,instrumental,,plural,1000000000000,12,ordinal,TRUE
трильйонному трильйоннім,prepositional,masculine,singular,1000000000000,12,ordinal,TRUE
трильйонній,prepositional,feminine,singular,1000000000000,12,ordinal,TRUE
трильйонному трильйоннім,prepositional,neuter,singular,1000000000000,12,ordinal,TRUE
трильйонних,prepositional,,plural,1000000000000,12,ordinal,TRUE
квадрильйон,nominative,,plural,1E+15,15,quantitative,TRUE
квінтильйон,nominative,,plural,1E+18,18,quantitative,TRUE
секстильйон,nominative,,plural,1E+21,21,quantitative,TRUE
септильйон,nominative,,plural,1E+24,24,quantitative,TRUE
октильйон,nominative,,plural,1E+27,27,quantitative,TRUE
нонільйон,nominative,,plural,1E+30,30,quantitative,TRUE
децильйон,nominative,,plural,1E+33,33,quantitative,TRUE